"Marca temporal","¿Quién eres?","Título del libro","PREDICTIBILIDAD","","CARISMA PERSONAJES","","PUNTOS DE VISTA","","AMBIENTACIÓN (Espacio, entorno, época…)","","EXPRESIÓN ESCRITA","","EMOCIÓMETRO","","DIÁLOGOS","","ESTÉTICA DEL LIBRO","","ENGANCHE","","FINAL",""
"2026/04/02 11:17:16 p. m. EET","Pilar","Alas de ónix","8","He visto venir la muerte de Quinn y sabía que la madre de Xaden iba a ser lela, pero había mil cosas que no me esperaba (la ida de Andarna, que haya otro concertido a venim, los poderes extras de todos los marcados...). Muy guay.","10","No tengo nada que añadir. 10. Punto.","7","Pongo 7 porque me gustaría que hubiera más. O sea, que la principal fuera vi pero que hubiera más POV a lo largo del libro, no solo al final.","9","Es que es que... guau. Ha creado un mundo chulísimo. Igual 9 porque en el reclutamiento muere demasiada gente y nosense.","9","Es muy rápido de leer, da gusto, mucha acción, no se pasa en las descripciones pero al mismo tiempo te transporta. Pongo 9 porque el 10 son los personajes jajajaja","10","Esto es otro 10 clarísimo sin explicación. Bueno, o sea, por ejemplo en las muertes como que te hace sentir todo, las charlas de los personajes, lo que está sintiendo la persona que observa la muerte... en los besos o roces también expresa genial esos nervios pero a la vez ganas... y te hace sentir como 🎢","10","Especialmente los de andarna y tairn jajajajaja y los de xaden celoso me meooo","6","Las portadas podrían molar mucho más.","10","No hace falta explicarlo hajajajaja","9","DEMASIADAS COSAS ABIERTAS! NECESITO MÁS!!!!"
"2026/04/03 11:48:17 a. m. EET","Eva","Alas de ónix","7","Algunas escenas y momentos no han sido predecibles, aunque la inmolación de Xaden era algo que se veía venir desde el final del segundo libro.","9","Qué importante es tener buenos personajes en una historia. Los personajes lo dan todo y no puedes quedarte con solo uno. Violet es una gran protagonista que lleva el peso de la historia (literal es la narradora), pero me gusta que muestre sus dudas e inseguridades. Xaden es un gran coprotagonista y en este libro lo vemos más vulnerable y menos seguro de sí mismo por lo que lleva encima. Rhiannon, Ridoc, Sawyer, gran grupo de amigos. Imogen sin duda uno de mis personajes fav y destacar también a Mira. En cuanto a los dragones, Tairn y Andarna indiscutibles los mejores (Andarna de mis favs también).","9","La inclusión de varios puntos de vista en este libro ha aportado más riqueza a la narración. Además, conocer los pensamientos y emociones de otros personajes ha sido muy interesante (Rhiannon, Imogen). Me gustaría que esto siguiera siendo así en el próximo libro. Quizá no durante todo el libro porque la prota indiscutible es Violet, pero sí algunos capítulos.","7","En Alas de ónix la autora ha desarrollado un poco más el worldbuilding, de forma que hemos podido conocer las islas. En los anteriores libros solo se mencionaba que ya no comercializaban con las islas pero en este hemos podido conocerlos mejor (y concluir que están todos chalados). Aretia sigue teniendo mucho peso en la historia y vuelve a tener protagonismo en una batalla contra los venin.","7","Está bien escrito y la autora consigue enganchar en la historia.","8","La saga consigue emocionar con sus giros de guión y plotwists (eso ya desde el primer libro). En este libro ha sido igual, con partes impactantes e inesperadas. Quizá las muertes en este libro no hayan impactado tanto como en la de los anteriores libros, aunque eso se debe a que los personajes no tenían un gran peso dentro de la historia.","8","Los diálogos de los personajes son buenísimos y sobre todo, los diálogos entre Violet, Tairn y Andarna. Ojalá un Tairn y Andarna en la vida real. Las conversaciones entre los hermanos Sorrengail también son muy buenas donde se ve la dinámica entre los tres hermanos.","8","El libro es precioso (este y todos los de la saga para que mentir). Tanto la portada como el diseño de los capítulos.","8","Es un libro que engancha muchísimo y a lo que te das cuenta ya vas por la mitad de la historia o incluso más. Eso se debe a que no se hace aburrido en ningún momento porque todo el rato están pasando cosas en la historia. Yo tenía mucha curiosidad por saber qué isla era la más chalada, así que estuve muy entretenida leyendo esa parte.","9","Le pongo una puntuación alta porque es el final más abrupto de los tres libros y porque deja muchos interrogantes sin saber. En cuanto a batalla, puede que me gustara más la del final del segundo libro, pero esta tiene el plus de contar con varios puntos de vista. Teniendo en cuenta que es el libro mitad de saga (3 de 5) es un buen final porque plantea muchos interrogantes y posibles subtramas para los dos últimos libros."
"2026/04/03 12:14:26 p. m. EET","Sandra","Alas de ónix","10","Hay tantas cosas que no vi venir, me ha dejado loca","10","Qué puedo decir, les amo muchísimo ","10","Me han encantado, son 10/10 aunque ojalá alguno más de mi chico ","9","Me ha gustado mucho cómo ha incluido más zonas y culturas, quiero másss","9","Le doy un 9 porque la primera mitad me gusta aunque a la vez no me ENCANTO","10","LO SON TODO, OSEA ME MUERO😭","10","He amado tantas conversaciones, gracias Rebecca por tanto","10","Amo los mini dragoncitos y LA PORTADA DE ÓNIX CÓMO ÉL ","10","Qué puedo decir, no podía parar","10","NECESITO MÁS ME HA DEJADO FATAL, les quiero mucho🥹"
"2026/05/25 12:56:08 p. m. EEST","Eva","La isla de las mariposas","4","Ha sido bastante predecible, tanto que se veía venir por dónde iba a tirar la autora y cómo iba a terminar la historia. Literalmente en la solapa pone que a la autora le gustan las novelas históricas protagonizadas por mujeres. Se nota que ha leído bastantes libros sobre esto y ha metido TODOS los elementos en la suya.","5","No he logrado conectar con los personajes, supongo que porque les faltan profundidad. En ocasiones me han parecido demasiado planos y aunque nos quieren mostrar la evolución que tiene Diana a lo largo del libro, esta se ha visto predecible, forzada y artificial. Siento que nos fuerzan para que pensemos ""Ohh, la evolución de Diana"". Y no. Por otro lado, me ha faltado más desarrollo en el personaje de Grace. Creo que realmente ella es la verdadera protagonista de la novela y sin embargo, eso luego no se refleja. Además, el personaje del Sr. Green me ha parecido totalmente innecesario. La autora quiere hacernos ver que es esencial para que Diana vaya descubriendo las cosas, pero sinceramente no he visto eso. También aparecen otros personajes bastante secundarios y que no aportan mucho a la trama y eso que en un principio parecía que podían ser importantes.","6","En esta novela hay dos tramas ubicadas en dos épocas distintas. Por un lado tenemos el presente con Diana como protagonista, y por otro lado tenemos la línea del pasado, con Grace y Victoria (sobre todo Grace) como protagonistas. Me ha faltado más peso de la trama del pasado porque siento que en este tipo de historias, es la trama del pasado la que tiene un mayor protagonismo, puesto que es la clave de toda la historia.","7","Le pongo un 7 por la ambientación de Sri Lanka tanto en el presente como en el pasado. Hubiera sido interesante que explotara un poco más la historia del país. Por ejemplo, sabemos que Jonathan está escribiendo sobre los tamiles y cingaleses, pero se queda de una forma muy superficial. De hecho, en un principio parecía que iba a ser algo importante en la trama (aunque rápidamente se ve que no). Las descripciones del país están bien, pero creo que hubiéramos conocido más si la trama del pasado hubiera tenido más peso. ¿Quiero visitar Sri Lanka por este libro? Pues sinceramente no.","6","Creo que si la narración y la expresión escrita hubieran sido mejores, la novela hubiera subido muchísimo.","5","Ni he reído, ni he sufrido ni he llorado. Creo que el saber por dónde iban a ir los tiros ha hecho que tampoco me emocionase mucho.","6","Le pongo la misma puntuación que a la expresión escrita porque en este libro van un poco de la mano. Diálogos más simples, con conversaciones que parecían forzadas y artificiales por momentos, sobre todo en la trama del presente.","6","La portada es bonita y el título me parece muy adecuado para la novela.","6","El mayor enganche es conocer el misterio de los Treymane y el motivo por el que Grace fuera borrada de la familia. Es esa intriga la que te tiene leyendo el libro.","5","Ay, por dónde empiezo. Le pongo un aprobado justo porque aparte de predecible, me parece el final más chichinabo que te puedas encontrar. Prefiero no comentar el final mr wonderful de Diana porque sinceramente no hay por dónde cogerlo (aunque tristemente TODO su final se veía venir). A ver, Corina Bomann, ¿nos tienes leyendo para saber el misterio para que luego esa m...? ¿En serio? Las decisiones que toma Grace no hay por dónde cogerlas, así como ese capítulo migaja para que veamos el destino de Grace desde su perspectiva. Pues no. No me convence. No me parece verosímil. Creo que la historia prometía y se podía haber explotado más, tanto la trama como algunos personajes. Una vez resuelto el misterio plantea ciertos interrogantes y ciertos aspectos que no me terminan de encajar."
"2026/05/30 9:04:17 p. m. EEST","Pilar","La isla de las mariposas","7","En cuanto a la parte de Grace, no me esperaba que fuesen primos oh wow. Ni que Cahill hubiera matado a Richard y que vikrama acabase muerto. Es verdad que si me esperaba que la deshonra fuese por tener un hijo con vikrama y que a Richard lo había matado alguien por algo.","6","Grace me cae bien, pero me hubiera gustado que ahondasen más en la personalidad de Victoria, creo que se queda un poco coja. El padre sin más, la madre también. Stockon no vale ni para villano jajajajaa y Diana y compañía me aburren.","4","No se terminan de entender bien a veces porque a veces no es el POV de Grace, aunque generalmente si... es un tercera persona raro.","6","Me gusta la época de Grace, la verdad. Toda la historia que hay detrás y que te transporte a la India.","5","Lo dicho, a veces pelín raro.","6","Aprueba por las últimas 100 páginas jajajaja","5","No tiene súper frases y ESQUIUSMI los diálogos previos a los besos? Francamente decepcionantes.","8","Me gusta mucho la portada.","4","Solo el final.","8","Es la mejor parte del libro jajajaja"
"2026/05/31 5:26:36 p. m. EEST","Sandra","La isla de las mariposas","6","He de decir que te ves venir cosillas, pero dentro de las cosillas algunas no tanto, aka son primos porque porque no? claro, o que el padre acabara siendo antagonista así no? 
No me ha digustado como ha ido tampoco me ha encantado.","4","No siento que hayan tenido mucho carisma, te dan un poco una visión de ellos pero no llego a conectar con como son. Un poco planos a mi parecer, se centra más en lo que quieren contarte que en ellos. Siento que son más una herramienta para contarte lo que quiere más que personajes que destaquen.","5","A ver....justico porque me gusta la idea de alternar presente y pasado....si el presente me gustara pero ha sido duro de leer. 
Para mí Diana ha sido la protagonista (si no?) pero a la vez el esquema ha sido algo raro.","5","Nuevamente, justico justico. Algunas cosas me han gustado al introducir toda la ambientación en la isla y tal peeero creo que también porque no conocía la cultura e historia del país. Es curioso el abordar ambas épocas pero de nuevo, el presente ha desestabilizado porque uff lo siento guía Jonathan pero no sé, no.","4","Ha sido para mi lo que me ha desenganchado más, la forma de escribir la historia. Me encontraba cada capítulo (del presente más) pensando, no está mal, pero tampoco me está gustando mucho. Como quiero pero no puedo. 
Creo que no he sabido conectar/comprarle todo lo que me iba vendiendo. En ese sentido me hacía desconectar con la historia.","4","Vale, esto ha sido lo segundo que también me ha hecho que me costará también leerlo.
La emoción.....no ha estado. No me he sentido introducida apenas en como se sentían los personajes, entendía pero no sentía ¿sabéis no? ","5","Estaban bien. Gente secretista excepto la Diana.
Calla calla, iba a poner 6 pero....los diálogos de Jonathan y Diana/Diana con cualquiera es que un poco....es que no se por donde cogerlos. Para mi ha habido dos autoras, la difícil del presente y la guay del pasado.","5","Bueno, me gustó la parte de las mariposas y que como ocuparon varios lugares dentro de la historia.","3","Obviamente pues una quiere saber que pasó y tal, pero la forma en la que te desarrollan la historia me complica el enganche.
Se me hace difícil de creer la suerte que tiene esta muchacha para descubrir ""el secreto de su familia"". 
Nena, momento carta que la aplazas y tó, yo no entender.","6","Está bien, pasable diría. He de decir que me parece un poco inverosímil algunas cosas. ¿Grace nunca más dirigiendo la palabra a Victoria? ¿Victoria dejándolo estar? ¿En el barco ya conoce y se casa con otro a los meses? ¿Jonathan llegando a Inglaterra en un pis pas? ¿Nadie descubre NADA DE TODAS ESAS COSAS EN SERIO? ¿Ese momento rascando la tumba?......bueno se puede seguir mucho más pero ya paro."
"2026/08/17 12:12:11 p. m. EEST","Pilar","Romance de ciego","9","No me esperaba taaaantas cosas, las muertes no las vi venir para nada. Yo decía nah ahora se recupera... y no. Por otro lado, cosas que esperaba que pasasen y no han pasado como cierta reconciliación de hermanas o que Flora y Olimpia hablasen...","5","A ver... no son majísimos la verdad. Los más divertidos las sirvientas. Olimpia y Cósima son majas y buenas personas pero sin más...","5","Bien, normal. Me gustaba que el narrador a veces hablase como entonces que decía cosas como rediez o ay mientras narraba la historia.","9","Me encanta lo bien que describe todo zaragoza.","9","Lo dicho jajajaja","6","No he empatizado tantísimo con los personajes.","6","No ha tenido grandes frases.","3","Muy feo chicas.","7","Las últimas 200 páginas no podía parar.","7","Me gusta que se repita la historia pero de forma diferente."
"2026/08/22 6:06:41 p. m. EEST","Eva","Romance de ciego","6","Algunas cosas esperables y otras no tanto.","6","Han estado todos bien, pero nada que haga destacar a uno por encima de las demás. Es interesante que muestre las relaciones entre las diferentes clases sociales y la diferencia en los diálogos y la forma de expresarse.","6","Me ha gustado que contase tanto la vida de los Arriazu en Zaragoza como la de las Melero en Madrid. Así hemos conocido ambientes distintos.","9","La autora se ha documentado mucho acerca de la Zaragoza de aquella época: sus calles, gente famosa, hechos históricos, etc. Es cierto que en ocasiones me ha parecido que metía muchos datos históricos un poco a calzador, como para demostrar que se había documentado mucho. Me ha gustado leer sobre la Zaragoza de aquella época y que se haya ambientado en nuestra ciudad (algo que no suele ocurrir muy habitualmente).","7","Buena expresión escrita (algo que sabemos que no ha sido la tónica habitual en los libros que hemos leído).","7","No ha habido momentos que hayan hecho que me emocione o me salten las lágrimas.","7","Me han parecido correctos y se ajustaban perfectamente a los personajes. Eso ha hecho la narración creíble.","5","Son ediciones antiguas, así que una portada normal con una edición de lo más normal.","6","Diría un enganche normal, ni mucho ni poco.","6","Un final esperable al que suelen tener este tipo de historias. Sinceramente estaba claro que varios personajes iban a morir y la muerte de Luis Arriazu me la he esperado. Que la siguiente generación pudiera repetir los mismos errores que sus predecesores también me lo he esperado y desgraciadamente que León Dulce tuviera de dulce poco también. Al menos la autora ha dejado a Cósima libre de parásitos chupópteros y libre como el viento."
"2026/09/23 2:01:32 p. m. EEST","Sandra","Romance de ciego","10","Le doy un 10 porque desde el principio no he tenido claro por donde iba a conducirnos la autora la verdad. ","7","Me ha gustado como cada personaje retrataba distintas clases sociales de la época y tenían papeles distintos en el libro. Aunque lo que es ser carismático ninguno la verdad.","7","Están okey","9","Me ha gustado mucho cómo ha construido la Zaragoza de aquella época, muy guay leer sobre zonas que conocemos y por las que caminamos desde otro punto de vista.","10","Mi parte favorita del libro sin ninguna duda, aunque se me ha acabado alargando la lectura de este libro he de decir que me ha gustado mucho como estaba escrito.","5","A ver, emoción emoción....pero le damos justico. Una quería saber a dónde quería llegar la autora.","5","Esta gente, como se alargaban y no decían las cosas. Secreitistas, las criadas más divertidas. ","7","Muy chula","6","Bueno, sobra decir que se me hizo algo largo en el tiempo y he recibido acusaciones de que no me ha gustado y amenazas de que me contarían el final (que no habría sido problema)","5","Flojo a mi parecer, osea ¿Así? De tal palo tal astilla, duro ese final. Al final le coges tirria a la Rebeca, que ganas de que las Melero se fueran de pantalla. Jorge y los criados mis favoritos y Olimpia."